number,chat_room,theme,number_docs,processing_time,model,topic01,topic02,topic03,ca,cp,npmi,umass
1,akka/akka,Application programming interface; Distributed software development,"70,802","46,703,377",GPU-PDMM,actor message stream val source create cluster node flow error ,akka work question thing good issue java find write idea ,case request http code type test scala file class response ,0.426594647,0.095789849,-0.015505591,-2.562778091
2,akka/akka,Application programming interface; Distributed software development,"70,802","64,433",LDA,akka work good stream java code question thing http version,actor message cluster node akka send create system work start,val case stream source flow def request element sink class,0.396095047,-0.074232847,-0.062946426,-2.624357519
3,akka/akka,Application programming interface; Distributed software development,"70,802",2014827,PTM,actor akka message cluster work node create question system good ,stream source request flow message akka http connection element future ,val case def class import implicit info error string message ,0.256892436,-0.055958518,-0.066736011,-2.965420641
4,R4stl1n/allianceauth,Authentication,"96,275","30,064,089",GPU-PDMM,file error work user group server update issue change discord ,thing stuff run character database wait guess pull git write ,api set python corp alliance key celery seat member task ,0.223673581,0.053095267,-0.051198043,-3.324495779
5,R4stl1n/allianceauth,Authentication,"96,275","47,346",LDA,group user discord corp add api service token work change,work thing good issue time test stuff update install problem,file error python return call install celery apache pid module,0.239463782,0.055351691,-0.033341563,-3.597553639
6,R4stl1n/allianceauth,Authentication,"96,275",1225474,PTM,work install thing issue good time apache update python celery ,group user discord add set api corp error change server ,file error return python call pid debug module traceback response ,0.129085626,0.016847785,-0.050545887,-4.845204398
7,allure-framework/allure-core,Software testing,"14,869","6,433,334",GPU-PDMM,allure report generate plugin version dependency folder jenkin build info ,file error add java testng xml method class feature public ,test work issue step create fail project case problem find ,0.353862273,0.048244068,-0.043441281,-3.081844348
8,allure-framework/allure-core,Software testing,"14,869","10,584",LDA,allure report generate error test file folder plugin jenkin build ,test allure report step case fail file public method screenshot ,version dependency plugin allure configuration file work property java issue ,0.18345943,0.057836874,-0.08314442,-3.75583927
9,allure-framework/allure-core,Software testing,"14,869",248493,PTM,error file info step test method public fail import failure ,allure report test generate work file issue folder jenkin add ,version plugin dependency allure configuration property java install maven jenkins ,0.223851384,0.056048048,-0.065151205,-3.788137176
10,amethyst/engine,Games development,"22,282","9,907,578",GPU-PDMM,work type thing time good pass code add stuff crate ,system amethyst game event engine user rust thread pretty input ,asset component entity file trait load transform datum format config ,0.146037062,0.022743567,-0.070658841,-4.120502911
11,amethyst/engine,Games development,"22,282","15,470",LDA,work time good merge review issue amethyst release wait code ,type component pass system entity asset mesh thread add transform ,system work game engine amethyst crate thing event code good ,0.271059555,0.041903988,-0.036094368,-3.031119656
12,amethyst/engine,Games development,"22,282",397592,PTM,work issue crate amethyst thread merge problem renderer review release ,type asset system pass component entity add mesh trait function ,thing good work game code event system engine idea time ,0.322901246,0.012835793,-0.04076258,-3.008652461
13,googlesamples/android-architecture,Mobile development; Patterns,122,"60,345",GPU-PDMM,sample work code github architecture android readme annotation metric read ,view fragment activity presenter bind viewmodel service dagger reference contract ,build proguard log return error application length timeout connection app ,0.13777002,-0.086120444,-0.082953227,-4.453496845
14,googlesamples/android-architecture,Mobile development; Patterns,122,81,LDA,sample architecture fragment project start repo great style tablet pull ,code build android proguard log return metric error file implementation ,view work dagger activity presenter read github bind repository viewmodel ,0.17651829,-0.038760094,-0.067466524,-4.693938022
15,googlesamples/android-architecture,Mobile development; Patterns,122,1768,PTM,work code presenter metric read file great reference contract timeout ,sample architecture fragment android github project error start content change ,build view activity proguard log return bind repository viewmodel service ,0.220500613,-0.008731378,-0.060702134,-3.670302752
16,iBotPeaches/Apktool,Mobile development; Reverse engineering,884,"516,606",GPU-PDMM,apk app work error android decompile recompile string debug default ,resource source build find install application project framework question check ,apktool file decode folder smali change class java aapt method ,0.28733126,-0.13335681,-0.025930896,-4.413316095
17,iBotPeaches/Apktool,Mobile development; Reverse engineering,884,703,LDA,apktool file apk decode folder add smali code app application ,apktool app apk error file debug decompile recompile issue problem ,string default warn translation work apktool apk support error android ,0.202319414,-0.200454342,-0.026583299,-4.061238909
18,iBotPeaches/Apktool,Mobile development; Reverse engineering,884,21541,PTM,apktool apk file app error decompile decode folder recompile resource ,work android apktool build issue version problem code java project ,string debug default warn translation art main androidruntime exception byte ,0.196526303,-0.129617535,-0.027891598,-3.570228489
19,davidguttman/node-browserify,Web development,183,"150,083",GPU-PDMM,browserify file require bundle include build load option external app ,work npm code node err folder install react fine webpack ,module var function error library find stream readable datum project ,0.183608133,-0.056193404,-0.057902797,-3.488714691
20,davidguttman/node-browserify,Web development,183,218,LDA,browserify work code problem indexjs bundle fine webpack test jquery ,npm var module err code stream file error node include ,require browserify bundle file work build load library module function ,0.326678904,-0.085609587,-0.018144363,-2.97074618
21,davidguttman/node-browserify,Web development,183,5707,PTM,browserify var stream option readable datum return provide pass export ,work file require code module function include error build load ,npm bundle browserify node err folder install project external app ,0.280171556,-0.117832572,-0.054719857,-2.961078021
22,BVLC/caffe,[Machine learning] System,"4,295","2,907,668",GPU-PDMM,caffe model work python problem set net build code create ,layer image train test loss datum training network gpu input ,error file check version install fail find compile import module ,0.391334387,0.092515608,-0.041119052,-3.055592002
23,BVLC/caffe,[Machine learning] System,"4,295","4,446",LDA,layer loss label data test image iteration set top datum ,error caffe file install python instal version import fail build ,caffe image model train work file python question gpu code ,0.263222774,-0.067452789,-0.077681504,-4.277126744
24,BVLC/caffe,[Machine learning] System,"4,295",122499,PTM,error caffe file version install instal cuda build compile fail ,caffe model work problem gpu code train check question python ,layer image loss datum data label file input size output ,0.265320496,-0.041690154,-0.070459319,-4.498021215
25,ConsenSys/smart-contract-best-practices,Patterns; Blockchain,"1,611","1,115,336",GPU-PDMM,contract uint address return test error call smart web deploy ,truffle token network transaction question geth node good build user ,function public gas solidity ether send case account issue string ,0.275752426,-0.101842669,-0.053365491,-3.328129298
26,ConsenSys/smart-contract-best-practices,Patterns; Blockchain,"1,611","1,564",LDA,function uint return contract address public owner call state web ,contract truffle deploy test error network geth web transaction migration ,contract token smart question code gas address send ether solidity ,0.195548481,-0.166086909,-0.07623902,-3.741129792
27,ConsenSys/smart-contract-best-practices,Patterns; Blockchain,"1,611",46215,PTM,contract error call token gas address transaction code function web ,function uint return public owner address contract test sku string ,contract truffle deploy network question test geth work smart node ,0.230462335,-0.104043761,-0.044706772,-3.840092889
28,ConsenSys/truffle,Integrated development environment; Blockchain,"62,678","39,559,460",GPU-PDMM,truffle contract test function work address return issue file version ,call code time create build thing question find start add ,error deploy web network transaction gas account testrpc migration run,0.459342241,0.010896927,-0.025668691,-1.786134003
29,ConsenSys/truffle,Integrated development environment; Blockchain,"62,678","59,227",LDA,truffle npm work version test issue file error install code ,truffle network contract deploy error gas test migration transaction migrate ,contract function return test call address web error var event ,0.34443084,-0.100765251,-0.07527175,-3.250145859
30,ConsenSys/truffle,Integrated development environment; Blockchain,"62,678",1647678,PTM,truffle test contract work issue file version code error problem ,network error gas deploy truffle transaction contract account migration geth ,function contract return address call web var error test uint ,0.281572352,-0.091085218,-0.060278201,-3.909350851
31,cypress-io/cypress,Software testing,"82,216","50,062,293",GPU-PDMM,cypress test work file error command run request fail open ,issue time app click problem wait thing question start user ,element code function call return url find add write response ,0.477752525,0.103301043,-0.001105835,-2.037213482
32,cypress-io/cypress,Software testing,"82,216","66,053",LDA,test cypress issue work app open code time thing browser ,element test cypress command function click return work request wait ,cypress test file error run work fail chrome browser issue ,0.288765534,0.022172533,-0.055677737,-2.949916019
33,cypress-io/cypress,Software testing,"82,216",2140731,PTM,test cypress work issue code open thing time app problem ,element request function return command call click wait test url ,cypress test file error run chrome browser fail npm work ,0.286745333,-0.011765691,-0.048092848,-3.554589567
34,DefinitelyTyped/DefinitelyTyped,Software maintenance,"1,612","959,474",GPU-PDMM,type error import test package project npm issue version object ,export module interface function string class declare question pull request ,file definition typing work typescript dts library write reference update ,0.30477441,0.00885173,-0.04642292,-3.317539651
35,DefinitelyTyped/DefinitelyTyped,Software maintenance,"1,612","1,343",LDA,type file typing definition package npm test version error project ,type error work issue test argument reference require generic problem ,export import module type interface string object definition function declare ,0.442641171,0.192120092,0.013312131,-2.637919878
36,DefinitelyTyped/DefinitelyTyped,Software maintenance,"1,612",37305,PTM,export import module interface declare class function default requireableany string ,type error object number return string argument jquery require generic ,file type definition typing test work package npm project typescript ,0.244836295,0.06320782,-0.024528672,-3.511258135
37,Elsevier Core Engineering/replicator,Cloud computing,"1,249","574,257",GPU-PDMM,scale replicator nomad cluster run debug instance error worker pool ,job work group deployment time update start system drain week ,node config asg meta log consul client key configuration issue ,0.172728945,-0.100478926,-0.094571193,-3.93829088
38,Elsevier Core Engineering/replicator,Cloud computing,"1,249",739,LDA,scale node job cluster debug config worker pool consul meta ,work time good week aws add raise great issue move ,replicator job scale nomad run error deployment node instance group ,0.228305198,-0.171243216,-0.101264293,-3.595100301
39,Elsevier Core Engineering/replicator,Cloud computing,"1,249",22205,PTM,nomad node work replicator config meta time client issue instance ,scale job replicator cluster run group debug error worker pool ,job update good add code check move scale problem aws ,0.207617941,-0.071029796,-0.078394504,-3.260495627
40,expressjs/express,Web development,"18,864","11,172,529",GPU-PDMM,route request error var work user code function middleware return ,server node api good create client time thing project write ,express app file question set res module start path static ,0.28740333,0.117195721,-0.016069183,-2.667922237
41,expressjs/express,Web development,"18,864","19,839",LDA,express app node work good code server project question start ,request route file express middleware user server call work send ,var function error return res user re express router req ,0.327971868,0.027540449,-0.031028024,-3.486018284
42,expressjs/express,Web development,"18,864",452250,PTM,route request middleware error call user post object send response ,var function res return re express req err user functionreq ,express app work server file node good code question thing ,0.262104361,0.004546649,-0.036676974,-3.22435102
43,facebook/flow,Code quality; Web development,"1,741","1,201,689",GPU-PDMM,function error object work property prop class issue import flowtype ,type flow code component generic var void pass test argument ,string return file number export foo definition declare state const ,0.230414521,0.155792309,0.000472706,-2.812508927
44,facebook/flow,Code quality; Web development,"1,741","1,608",LDA,flow type file work issue code error definition add import ,type function object string prop property class declare return number ,type error return function flow string quit case flowtype object ,0.399080515,0.124610521,0.019702369,-2.172354587
45,facebook/flow,Code quality; Web development,"1,741",61112,PTM,flow type file work code issue definition error react question ,property type prop object quit flowtype miss undefined null join ,type function string error return object class export number declare ,0.298019297,0.062753624,-0.00181203,-2.5352989
46,FreeCodeCamp/HelpBackEnd,Back-end; Coding,"122,406","55,284,138",GPU-PDMM,work file code error app npm user project err server ,sparkle send point brownie heroku test git push command script ,var function return url call datum find data read callback ,0.205614185,-0.089863135,-0.084575083,-5.578182517
47,FreeCodeCamp/HelpBackEnd,Back-end; Coding,"122,406","90,217",LDA,work project app file code heroku start react good node ,sparkle point send brownie cookie star div appweb work good ,var function return error err user url request npm code ,0.193423796,-0.107659412,-0.066450223,-5.037571033
48,FreeCodeCamp/HelpBackEnd,Back-end; Coding,"122,406",2252087,PTM,var err return function npm error url res true user ,sparkle point send brownie star good cookie project work learn ,work file code error app server user create heroku request ,0.284775991,-0.009162655,-0.045823077,-4.526132278
49,FreeCodeCamp/Contributors,Coding,"34,835","21,598,934",GPU-PDMM,issue npm error challenge test code merge guide time freecodecamp ,sparkle point send brownie link good open project question people ,work file fcc branch add git commit update thing pull,0.240566454,-0.043422546,-0.06350653,-2.861576365
50,FreeCodeCamp/Contributors,Coding,"34,835","35,800",LDA,challenge issue test file work branch merge code commit git ,sparkle issue point send brownie work good guide time open ,npm error err cookie node seed install run freecodecamp start ,0.287635511,-0.053153464,-0.05127184,-2.939272055
51,FreeCodeCamp/Contributors,Coding,"34,835",830145,PTM,sparkle send point brownie branch cookie git commit master push ,issue work challenge test guide code fcc open time merge ,npm error err node seed install run file echo start ,0.207271145,-0.128407652,-0.089654136,-3.395406117
52,FreeCodeCamp/DataScience,[Machine learning] Libraries; [Machine learning] System,"15,102","11,516,537",GPU-PDMM,data sparkle work project point good send science brownie fcc ,datum time code find question link interesting interested problem analysis ,people learn thing python learning lot check read room bit,0.262669706,-0.006704987,-0.044681879,-4.103275689
53,FreeCodeCamp/DataScience,[Machine learning] Libraries; [Machine learning] System,"15,102","17,398",LDA,data datum people project work science fcc learn good room ,datum code file work problem time python data find good ,sparkle point send brownie cookie star evaristoc bonfire user cool ,0.308986827,-0.049856716,-0.065514074,-2.566860838
54,FreeCodeCamp/DataScience,[Machine learning] Libraries; [Machine learning] System,"15,102",458321,PTM,data good science learn datum work python start link thing ,sparkle point send brownie cookie star evaristoc nan erictleung warning ,datum project people work fcc room analysis file problem code ,0.263296941,-0.064047808,-0.063816212,-2.776085441
55,FreeCodeCamp/testable-projects-fcc,Coding,210,"108,186",GPU-PDMM,travis work build puppeteer repo stuart tracey git docker issue ,test project fail locally pass good server problem beta personal ,link cdn correct code codepen late create version step update,0.206044238,-0.168584452,-0.068265512,-3.690722739
56,FreeCodeCamp/testable-projects-fcc,Coding,210,147,LDA,link cdn code bundle correct codepen late version create step ,test work build travis project fail locally pass good issue ,size stuart set unknown error devshm delete crash increase window ,0.247112417,-0.051230435,-0.02265113,-1.936006926
57,FreeCodeCamp/testable-projects-fcc,Coding,210,3681,PTM,test build travis fail locally pass issue server size problem ,work project tracey bundle good repo npm codepen understand version ,link cdn code correct late update fcc bundlejs editor commit ,0.135875332,-0.164248181,-0.065704176,-3.245455396
58,flutter/flutter,Multi-platform development,"182,853","94,161,158",GPU-PDMM,widget child error build return class call list add image ,flutter app android file create plugin ios version project package ,work code dart issue time thing good question find start ,0.469438752,0.131203079,0.004333555,-2.238591045
59,flutter/flutter,Multi-platform development,"182,853","138,475",LDA,flutter app work code dart good thing time question issue ,flutter android error file build version app work project ios ,widget child return class call context text list iflutter color ,0.421989857,0.01768512,-0.032461336,-2.259489515
60,flutter/flutter,Multi-platform development,"182,853",1.61E+07,PTM,flutter app android work code dart file error build plugin ,child return widget class iflutter context final string extend color ,widget call list work screen state change image text create ,0.37830393,-0.008956031,-0.034557114,-2.519506257
61,BinaryMuse/fluxxor,Patterns; Web development,"2,707","1,939,810",GPU-PDMM,flux component dispatch fluxxor call state work datum react event ,function thing var code render route return method create issue ,store action view change update user case api async handle ,0.279775301,-0.04763953,-0.03785417,-2.654571985
62,BinaryMuse/fluxxor,Patterns; Web development,"2,707","2,756",LDA,flux function store var object component pass action route return ,store action dispatch component datum call state event data view ,fluxxor flux work good react thing code question app problem ,0.313525343,-0.021644674,-0.03271402,-2.131031398
63,BinaryMuse/fluxxor,Patterns; Web development,"2,707",81916,PTM,flux fluxxor work component react app code good question thing ,store action dispatch call state datum component event view data ,function var object route return flux check pass fluxmixin error ,0.224836892,-0.008146864,-0.030163352,-2.219876083
64,ga4gh/server,Coding; Application programming interface,221,"124,162",GPU-PDMM,file server work error git issue version master branch case ,reference set vcf support access vcfs callset referenceset store variant ,call test sequence add python module exception schema thing graph ,0.206763541,0.066008821,-0.008405096,-2.56159924
65,ga4gh/server,Coding; Application programming interface,221,172,LDA,work version sequence master branch develop docker fine github question ,file server error git case reference time user add issue ,reference set vcf file test generate referenceset issue point search ,0.280837296,-0.025184227,-0.046512674,-2.808197093
66,ga4gh/server,Coding; Application programming interface,221,4400,PTM,git sequence call case test add time api vcfs python ,work version master branch develop docker fine github server question ,file reference set vcf server error issue support user generate ,0.317665833,0.046949044,-0.045074763,-3.513010305
67,piskvorky/gensim,[Machine learning] Libraries,"1,743","1,299,295",GPU-PDMM,model word vector document doc work file vec topic list ,text python time test find small add version import size ,gensim corpus train training code good issue similarity large fasttext ,0.344823904,-0.031969115,-0.027650537,-2.250280199
68,piskvorky/gensim,[Machine learning] Libraries,"1,743","1,984",LDA,gensim topic work code model good tutorial time list add ,model vector document word doc corpus train training vec text ,file python gensim word test error vec model import work ,0.300235921,-0.117620531,-0.057374168,-2.988104506
69,piskvorky/gensim,[Machine learning] Libraries,"1,743",62748,PTM,file python word test gensim import error version vecpy core ,model vector word train training vec set fasttext load case ,document doc corpus gensim work text time topic good issue ,0.219754768,-0.012536755,-0.027334817,-1.861255683
70,gitlabhq/gitlabhq,Software maintenance; Version control,"17,338","11,972,905",GPU-PDMM,work runner build docker file job set image fail test ,gitlab server git repo install run version repository update host ,project issue error create user push branch problem merge request ,0.332748226,0.026168745,-0.019168003,-2.285590322
71,gitlabhq/gitlabhq,Software maintenance; Version control,"17,338","15,879",LDA,build docker runner job image gitlab file error test script ,gitlab server error work install problem omnibus set user run ,gitlab project issue branch merge create work commit repo request ,0.351513532,-0.154420699,-0.041711447,-2.224194355
72,gitlabhq/gitlabhq,Software maintenance; Version control,"17,338",449071,PTM,gitlab project issue work create branch push repo merge request ,build job docker image script test stage cache variable runner ,gitlab error runner server work docker set run install host ,0.271324305,-0.1795437,-0.066422135,-3.092495173
73,gitterHQ/developers,Coding,"41,983","20,673,712",GPU-PDMM,code work question error learn file good project problem app ,web developer return git var api build number day install ,function create html add website css write change call class ,0.334897318,0.085498283,-0.02538632,-2.331809216
74,gitterHQ/developers,Coding,"41,983","33,238",LDA,function code return div var class button work input string ,question learn code work good project language developer thing start ,file error work code server app create git user problem ,0.397058744,0.197437134,0.027223274,-2.629092726
75,gitterHQ/developers,Coding,"41,983",866971,PTM,function return div var class string code input button array ,question work code learn good project thing start language developer ,file code work error create server user git problem issue ,0.421335696,0.221768901,0.032337475,-2.736062884
76,ethereum/go-ethereum,Blockchain,"129,848","62,131,972",GPU-PDMM,geth block node transaction sync start account address network gas ,contract error code call web function file question return change ,work ethereum issue test client thing version good build update ,0.450047662,-0.000127634,0.010388386,-1.806668643
77,ethereum/go-ethereum,Blockchain,"129,848","108,087",LDA,contract transaction address ethereum gas account function ether call code ,block sync node geth transaction chain peer time fast network ,geth node unstable console rpc error work version file start ,0.241100907,-0.050758715,-0.026112586,-2.022296516
78,ethereum/go-ethereum,Blockchain,"129,848",2666280,PTM,geth node block sync start work network time fast run ,contract transaction account address gas ethereum ether code send call ,geth block unstable tarbz import info hash txs error function ,0.260666103,-0.119615543,-0.011115322,-1.604630358
79,gushphp/gush,Software testing; Containers,113,"37,339",GPU-PDMM,git jira readme username clone oauth shebang gitter browser osx ,work bin gush github php user execute skype vagrant website ,gush good branch push invitation remote fetch gushphar nice job ,0.085134438,-0.456619319,-0.117928286,-7.919389649
80,gushphp/gush,Software testing; Containers,113,51,LDA,gush git merge branch add master skype instance pcreate command ,nice good work invitation remote include job cordoval fetch push ,user gushphar bin checkout file browser thing php directory shebang ,0.123279792,-0.125082055,-0.086342598,-3.483092945
81,gushphp/gush,Software testing; Containers,113,1122,PTM,gush include master fetch flow origin pierredup pmerge dev catch ,git nice good merge work invitation branch remote push job ,user gushphar bin file browser gitter thing php directory shebang ,0.143852237,-0.160166948,-0.092167766,-3.857541004
82,hopelessoptimism/data-engineering-101,Big data; Workshop,29,"27,107",GPU-PDMM,tool distribution pinball luigi datum request create material workflow cool ,file libpython repository csr folder filename arrays github repo excel ,case tho framework solution workshop great pandas forked time thing ,0.029171813,-0.297323432,-0.12712156,-6.850714682
83,hopelessoptimism/data-engineering-101,Big data; Workshop,29,45,LDA,case framework solution great nice create people sort starting point ,file libpython luigi output learn work tool data write error ,material workshop thing package time online cool datum pipeline plan ,0.241573983,-0.019412685,-0.026689053,-2.217218941
84,hopelessoptimism/data-engineering-101,Big data; Workshop,29,744,PTM,file libpython package jonathan write pip install requirementstxt fail find ,material case luigi solution output time learn plan airflow nice ,workshop thing framework great online datum pipeline sort tool starting ,0.12135297,-0.084218522,-0.056423292,-2.625711275
85,Hotel-Reservation-Project/requirements,Coding,65,"53,746",GPU-PDMM,diagram dfd ect png sdp srs good acd function chatter ,project card credit create class requirement need info invalid point ,scenario case room customer employee work call team lead specific ,0.270678783,-0.144569598,-0.054975276,-4.828640455
86,Hotel-Reservation-Project/requirements,Coding,65,77,LDA,diagram case scenario function class dfd input update capture specific ,project work srs create team lead post requirement need hotel ,scenario room good customer card employee call credit deal info ,0.381493781,0.088148193,-0.011678683,-2.775529368
87,Hotel-Reservation-Project/requirements,Coding,65,1649,PTM,room good customer project function dfd team lead post deal ,diagram case employee work srs class create hotel specific invalid ,scenario card call credit requirement input info point person acd ,0.279496299,-0.079767673,-0.06818582,-3.384489557
88,IanLunn/Hover,Graphical user interface; Web development,50,"27,808",GPU-PDMM,click color plugin css animations bootstrap pseudo format online app ,img image integrate awesome element css twitter follower lunn bootstrap ,class button hovercss underline drop stay work send future check ,0.117191913,-0.196003126,-0.095818788,-4.508731932
89,IanLunn/Hover,Graphical user interface; Web development,50,36,LDA,color change add background image button plan version pull cool ,hovercss css hover question awesome animation effect apply img element ,class click button work keep remove drop underline stay set ,0.272681882,-0.019078514,-0.041945908,-2.575440574
90,IanLunn/Hover,Graphical user interface; Web development,50,599,PTM,hovercss hover change animation image send sparkle version fully pseudo ,class button question stay set active effect apply animations stick ,color work click css add background awesome keep remove drop ,0.185240328,-0.042534803,-0.028098723,-2.46335256
91,iluwatar/java-design-patterns,Patterns,"1,330","727,057",GPU-PDMM,pattern issue work class good design create java add implement ,project code file error maven build github website change commit ,implementation object request pull return builder point service interface case ,0.44075897,0.145824161,-0.001283154,-2.415967938
92,iluwatar/java-design-patterns,Patterns,"1,330","1,030",LDA,test object error maven build problem project return import jdk ,pattern class code diagram implementation design add uml implement good ,issue pattern project work good contribute java start great read ,0.381989647,0.114537629,-0.005411273,-2.726548846
93,iluwatar/java-design-patterns,Patterns,"1,330",27916,PTM,pattern project design java implement time contribute start read good ,work test problem great project update object error maven build ,issue class create add diagram code file good find question ,0.46507041,0.08213888,-0.003947777,-2.22344399
94,intercooler-js/Lobby,Web development,"2,288","1,005,375",GPU-PDMM,work request event form jquery button trigger code server add ,element html div thing attribute target ajax url link click ,intercooler response function error return header problem post stuff set ,0.296547903,0.040146575,-0.053737171,-3.244818066
95,intercooler-js/Lobby,Web development,"2,288","1,344",LDA,work event element button request attribute intercooler handler thing add ,intercooler work jquery good zepto test great intercoolerjs code pretty ,form response request element div intercooler html trigger event return ,0.161243071,-0.188625202,-0.070100513,-4.79684838
96,intercooler-js/Lobby,Web development,"2,288",41898,PTM,element form button response event html div trigger add target ,intercooler request server ajax update post include message url user ,work intercooler jquery code thing problem stuff event time good ,0.337225149,0.021544366,-0.030225906,-3.297131166
97,andreis/interview,Jobs,96,"56,326",GPU-PDMM,python great language cse undergrad backend build online project complete ,interview question code experience google practice level answer crack career ,link big feel check start good free company find peer ,0.32803596,0.027018514,-0.044769694,-2.95841098
98,andreis/interview,Jobs,96,80,LDA,interview question code python language google company experience build online ,feel good practice free send great resource video find repo ,link check start complete learn app regextutorial cool contribute add ,0.320269242,0.032057295,-0.024943773,-2.348268822
99,andreis/interview,Jobs,96,1752,PTM,python language google good practice build book send learn peer ,interview link company feel check project complete free cool resource ,question code great experience big start online level find time ,0.519401985,0.069391052,0.00026466,-1.935468882
100,jenkinsci/configuration-as-code-plugin,Software maintenance; Continuous integration,"9,408","5,412,646",GPU-PDMM,plugin work jcasc issue credential test release configure export info ,jenkin file yaml casc config time set find thing problem ,jenkins configuration job error code secret docker script build pipeline ,0.148595126,-0.188230644,-0.105283071,-3.98075104
101,jenkinsci/configuration-as-code-plugin,Software maintenance; Continuous integration,"9,408","7,128",LDA,issue release plugin work time jcasc good meeting nice week ,plugin work jcasc jenkin job file configuration casc yaml config ,error file jenkins secret info credential jenkin class configuration fail ,0.091644199,-0.260831,-0.084807841,-5.220878289
102,jenkinsci/configuration-as-code-plugin,Software maintenance; Continuous integration,"9,408",183970,PTM,plugin issue work release jcasc test time update good support ,plugin jenkin file jenkins credential configuration casc yaml job config ,error info class fail cause plugin false true java git ,0.177185622,-0.150123423,-0.078150576,-5.699196229
103,katalon-studio/Lobby,Software testing,"15,471","7,628,400",GPU-PDMM,test katalon error case work issue file script fail version ,import code time request record mobile response question solution string ,object element click variable project set create text problem step ,0.491188597,0.08499189,0.022098704,-1.969617534
104,katalon-studio/Lobby,Software testing,"15,471","10,586",LDA,test katalon case import variable file suite script issue create ,object element imagepng click text error work string fail xpath ,katalon error test version browser work chrome issue open info ,0.26949483,-0.057146741,-0.012297433,-2.229567759
105,katalon-studio/Lobby,Software testing,"15,471",304078,PTM,error info fail object unable element start test root source ,test case object import element variable click text request select ,katalon test work issue error file studio imagepng project version ,0.407505466,0.044430885,0.006391237,-1.95021548
106,kriasoft/universal-router,Web development,"1,031","705,315",GPU-PDMM,route path router action return work child await function pass ,component react error render server client async app user controlpanel ,import universalrouter code url history default query layout export match ,0.246695409,0.058690371,0.005465623,-2.85738771
107,kriasoft/universal-router,Web development,"1,031",968,LDA,router import component client universal react history server work link ,path route action return child router component function pass const ,route code component error return await app redirect react work ,0.244673197,0.039118584,-0.050261382,-2.946195284
108,kriasoft/universal-router,Web development,"1,031",28359,PTM,await component return app async state data code datum fetch ,path route action import return child component router function default ,router route work url error universalrouter server universal history code ,0.250266269,-0.013115675,-0.042901861,-3.544722573
109,laravel/laravel,Web development,"88,799","41,060,571",GPU-PDMM,nan work user error file request table code create problem ,laravel php app good thing project api start composer version ,return function model public query array datum test message null ,0.440916368,0.063403488,-0.009611735,-2.59529702
110,laravel/laravel,Web development,"88,799","57,445",LDA,laravel work good problem package time php app code thing ,nan file error php work laravel artisan server div command ,user return function model table method request public controller create ,0.363967612,-0.061686056,-0.023883817,-2.446611146
111,laravel/laravel,Web development,"88,799",1522071,PTM,nan laravel work file php problem error code issue good ,div function error php return echo input array true public ,user return function model table request method public controller query ,0.426716174,0.044799554,-0.007908538,-2.362386502
112,lightbend/config,Cloud computing; Software documentation; Software maintenance,"1,797","1,084,784",GPU-PDMM,issue code test set override object hocon typesafe default string ,config file load applicationconf configuration referenceconf classpath resolve property variable ,work library java path case key scala env value api ,0.195732267,-0.07454541,-0.029903621,-3.765453809
113,lightbend/config,Cloud computing; Software documentation; Software maintenance,"1,797","1,607",LDA,work issue hocon json library release path string config java ,config file load applicationconf library referenceconf classpath jar class sbt ,variable environment config env property work configuration file resolve object ,0.133715743,-0.075806977,-0.056407918,-3.639384652
114,lightbend/config,Cloud computing; Software documentation; Software maintenance,"1,797",46674,PTM,config code case configuration override key resolve variable environment default ,java issue work support hocon add json thing release list ,config file load library applicationconf referenceconf classpath path property typesafe ,0.302105552,0.012674135,-0.028741448,-3.054065965
115,locomotivecms/engine,Web development,"6,950","2,819,717",GPU-PDMM,work locomotive site content gem issue version create code rail ,wagon engine error add push time set deploy change problem ,file liquid image tag cache asset block backoffice url link ,0.329526926,0.051682773,-0.019837499,-3.388167008
116,locomotivecms/engine,Web development,"6,950","3,657",LDA,wagon engine gem work version locomotive rail site issue deploy ,content work site locomotive create issue type entry add cache ,file error image block push div call code method true ,0.389130325,0.080582568,-0.017377857,-2.562555099
117,locomotivecms/engine,Web development,"6,950",104513,PTM,content work file create add liquid type issue change image ,gem block div true push librubygem appweb false capture assign ,wagon engine work locomotive site version rail gem issue good ,0.387859779,0.040395881,-0.012202468,-2.040471235
118,lodash/lodash,Web development,"9,184","4,153,954",GPU-PDMM,object array work key map code value question find call ,lodash method true chain import filter thing false add build ,function return var result arr foo type javascript bar sort ,0.363793267,0.053464614,-0.002712989,-2.619700114
119,lodash/lodash,Web development,"9,184","6,192",LDA,lodash work issue version code build question method import lodashfp ,function object array lodash return map chain method call work ,return var object array true key function false item arr ,0.349015686,-0.013407976,0.002376504,-2.145242611
120,lodash/lodash,Web development,"9,184",181950,PTM,object function array return map key chain call lodash work ,var return true false arr function const key foo bar ,lodash work code version import issue thing lodashfp build method ,0.359409219,0.006121713,-0.011535093,-2.386368308
121,ManageIQ/manageiq,Cloud computing,"75,738","29,598,842",GPU-PDMM,work test error issue gem file start good fail manageiq ,thing time change code merge stuff day think type commit ,ruby method call worker require block case class table load ,0.420118958,0.076488188,-0.00260411,-2.021332641
122,ManageIQ/manageiq,Cloud computing,"75,738","50,727",LDA,work test provider manageiq issue add code thing create user ,gem merge good work git time master version issue update ,error rail block file start fail rake ruby method test ,0.343086301,0.062633073,-0.013445269,-2.290326446
123,ManageIQ/manageiq,Cloud computing,"75,738",1079401,PTM,work test good merge time issue thing git master code ,error block rake require bundle gem start ruby nil fail ,work provider create add change file set manageiq user appliance ,0.222694294,0.063769706,-0.04081884,-2.93779609
124,ManageIQ/manageiq/ui,Graphical user interface; Cloud computing,"35,997","23,097,735",GPU-PDMM,work issue test code thing change time merge good create ,add button provider call method set list case controller user ,error file install require include render place message info screen ,0.46793348,0.162814279,0.011765602,-2.068895202
125,ManageIQ/manageiq/ui,Graphical user interface; Cloud computing,"35,997","19,804",LDA,work good merge issue thing code time test review fix ,button add provider call method work error code controller create ,version test file master error build fail work issue bower ,0.432213624,0.106475885,0.001988269,-2.284192575
126,ManageIQ/manageiq/ui,Graphical user interface; Cloud computing,"35,997",494412,PTM,work test issue good merge time thing version master update ,add button provider code work call create screen change api ,error info block require call fail rake render bundle top ,0.367982851,0.114039356,-0.022881795,-2.433756502
127,google/material-design-lite,Graphical user interface,"7,518","6,584,520",GPU-PDMM,mdl work material design div code project css build support ,component thing good time stuff people start lot menu provide ,issue add element file button test grid user error input ,0.467339129,0.187827944,0.004104961,-2.737697705
128,google/material-design-lite,Graphical user interface,"7,518","4,864",LDA,div css color button class mdl work content grid element ,material design mdl project google angular web good app time ,component work thing mdl issue release build test good add ,0.298963292,-0.041111284,-0.060622218,-3.224314165
129,google/material-design-lite,Graphical user interface,"7,518",124009,PTM,mdl component work material design css angular release create class ,div button content mdlcell label kembangkan image col color width ,thing issue good project code build time support stuff file ,0.329819819,-0.048865493,-0.042321045,-2.344073989
130,Mixer/developers,Games development; Application programming interface,"46,128","34,409,240",GPU-PDMM,work channel user chat api error interactive send request button ,code oauth issue app server websocket find url json response ,beam thing stuff question java good python add bit node,0.163184534,0.082796095,-0.023189262,-3.747244958
131,Mixer/developers,Games development; Application programming interface,"46,128","25,464",LDA,work code beam stuff issue thing api java python good ,channel user chat error request oauth token message endpoint send ,button control interactive stream game work channel update set click ,0.299867603,0.155434427,0.003230626,-3.617561294
132,Mixer/developers,Games development; Application programming interface,"46,128",772980,PTM,work code beam thing issue stuff api update good java ,channel user chat request error oauth message token endpoint send ,button stream interactive control game mixer set click create question ,0.270699841,0.154310727,-0.002986699,-3.635885683
133,mochajs/mocha,Software testing,"12,121","12,953,626",GPU-PDMM,mocha function file work error code return fail require promise ,test call run browser problem testing assertion start suite add ,reporter npm thing time check import expect output object app ,0.291790405,-0.07539753,-0.054176495,-3.822884142
134,mochajs/mocha,Software testing,"12,121","11,854",LDA,mocha test file work require node npm code browser issue ,function return var test error promise call expect itshould err ,test mocha fail file code work call error run describe ,0.284545123,-0.024252162,-0.051613764,-3.152056702
135,mochajs/mocha,Software testing,"12,121",328780,PTM,function return var promise error itshould expect err call callback ,test mocha file error fail require call function work run ,mocha test work code node issue testing browser npm good ,0.21230862,-0.139787143,-0.067045787,-4.014929844
136,MonoGame/MonoGame,Games development,"45,507","33,307,789",GPU-PDMM,monogame work game project build code support platform version good ,file content pipeline texture call render draw shader load type ,issue thing time stuff xna lot change class bit point ,0.451140652,0.073711232,-0.008280352,-2.423253345
137,MonoGame/MonoGame,Games development,"45,507","29,220",LDA,texture game render draw work call shader set class code ,project build monogame file work content pipeline platform version nuget ,monogame game work good thing engine time stuff code people ,0.438172978,0.009160162,-0.021033623,-3.333947965
138,MonoGame/MonoGame,Games development,"45,507",795980,PTM,game monogame work thing good time issue code stuff xna ,texture render draw call shader set class screen game method ,project build file monogame content platform work pipeline version nuget ,0.33147799,0.032898661,-0.036512274,-3.763741657
139,Microsoft/mwt-ds,[Machine learning] System; Software documentation,137,"119,152",GPU-PDMM,error azure change location feature list datum create custom interface ,code api access provide random type exploration base resource return ,service work decision reward learning time online thing client library ,0.349264902,0.118146905,-0.009230848,-2.507809859
140,Microsoft/mwt-ds,[Machine learning] System; Software documentation,137,177,LDA,error azure location reward type create time check valid appinsight ,api feature list access code change random base interface url ,work service decision code custom datum exploration learning online package ,0.302011013,0.091022283,-0.018427668,-2.641553051
141,Microsoft/mwt-ds,[Machine learning] System; Software documentation,137,4448,PTM,service error decision feature reward provide datum exploration create online ,work api azure location custom learning time check valid appinsight ,code change list access type random base interface question resource ,0.257178009,0.05168921,-0.028910524,-2.501110522
142,valor-software/ng2-bootstrap,Graphical user interface,"2,451","1,996,994",GPU-PDMM,bootstrap work modal component import angular npm problem module code ,issue template select update version chart table change beta set ,error div button find class directive public moment modaldirective function ,0.241200776,-0.005853768,-0.051222022,-3.254249254
143,valor-software/ng2-bootstrap,Graphical user interface,"2,451","1,679",LDA,error import div bootstrap template component module angular public modaldirective ,bootstrap work angular npm issue version update project beta problem ,modal component work select code open change bootstrap table click ,0.244734328,-0.000617651,-0.078570245,-3.550474635
144,valor-software/ng2-bootstrap,Graphical user interface,"2,451",44470,PTM,modal div component import button template open table click class ,work bootstrap issue problem select component add datepicker update chart ,error angular bootstrap npm import module version find beta app ,0.179009154,0.004755794,-0.06755074,-3.510835861
145,ngrx/store,Containers,"44,329","42,679,362",GPU-PDMM,state action store reducer component type export error function call ,work app ngrx thing angular time good route problem redux ,return change code issue map idea list form saga read ,0.262349521,-0.0585827,-0.042527318,-2.617079518
146,ngrx/store,Containers,"44,329","36,895",LDA,return state action export type reducer error import function payload ,work ngrx app angular module store code issue thing good ,store state action component reducer dispatch datum call object change ,0.153801652,-0.076209673,-0.05926196,-3.206116184
147,ngrx/store,Containers,"44,329",1095547,PTM,work ngrx app angular code good thing issue problem redux ,return export state type action import error function payload string ,store state action component reducer dispatch call object observable datum ,0.12577829,-0.076480369,-0.054960666,-3.747784785
148,lnug/london-node-jobs,Jobs,79,"85,478",GPU-PDMM,nodejs people interested hire developer team senior email dev experience ,node react london talk graphql good challenge thing industry shop ,work lnug tonight chat engineer job feel free post link ,0.280518892,-0.186954553,-0.036070517,-3.517456405
149,lnug/london-node-jobs,Jobs,79,133,LDA,node email react job post london talk level graphql meetup ,nodejs people work hire team interested senior tonight developer dev ,work lnug month recruiter great remote lead newsletter pay meet ,0.170507149,-0.230400473,-0.072883989,-4.536761422
150,lnug/london-node-jobs,Jobs,79,3148,PTM,experience engineer chat feel free join work recruiter full stack ,work people hire lnug node developer tonight senior dev react ,nodejs interested team job talk link role london share lot ,0.201337998,-0.183909495,-0.076419161,-4.087709938
151,numenta/public,[Machine learning] Research; Coding,"21,494","15,552,519",GPU-PDMM,nupic htm work time thing good code prediction problem file ,learn version build start algorithm test learning current system issue ,input column model layer datum cell sdr bit brain understand ,0.419204575,0.015553081,-0.027169296,-2.679727587
152,numenta/public,[Machine learning] Research; Coding,"21,494","17,381",LDA,input htm column prediction model layer cell learn datum time ,htm good work thing time people numenta nupic talk start ,nupic work version file python build install error code java ,0.385831732,-0.010602883,-0.034031061,-3.315079797
153,numenta/public,[Machine learning] Research; Coding,"21,494",413302,PTM,work htm time good thing nupic problem people start lot ,nupic file version python install work error build pip test ,input htm column model prediction learn layer cell algorithm sdr ,0.312733599,-0.029819123,-0.038250487,-2.67103326
154,pattern-lab/node,Patterns,"5,797","5,414,976",GPU-PDMM,work issue version node gulp lab npm project time good ,patternlab error engine template mustache change test start code atom ,pattern file build include plugin create add json problem folder ,0.234938331,-0.062436518,-0.052250028,-3.373854897
155,pattern-lab/node,Patterns,"5,797","4,836",LDA,pattern work include plugin template mustache engine file add parameter ,pattern file error build folder gulp work patternlab json task ,issue work version node npm gulp install patternlab test time ,0.175667155,-0.08223885,-0.067124828,-3.69505318
156,pattern-lab/node,Patterns,"5,797",119432,PTM,file version patternlab gulp build node engine npm work error ,issue work pattern time test good create lab bit support ,pattern include json template atom file render partial mustache read ,0.220375899,-0.062328077,-0.049418954,-3.308681215
157,uttesh/pdfngreport,Software testing,44,"35,917",GPU-PDMM,error file pdf stylesheet configurable xml debug xslt change maven ,report generate add xslvalueof fail problem work null release chart ,issue slash provide sample work path system code fine step ,0.245607272,0.055989685,-0.020034813,-3.378429995
158,uttesh/pdfngreport,Software testing,44,56,LDA,report error pdf generate uttesh fail problem null find filename ,file error change project xtse attribute allow element xslvalueof report ,work issue slash provide sample add fine path guess step ,0.224452156,0.059788207,-0.000717528,-2.157503148
159,uttesh/pdfngreport,Software testing,44,1114,PTM,file issue slash change provide xtse attribute allow element fine ,error work sample project xslvalueof system problem step file create ,report pdf generate uttesh add fail null find edit maven ,0.296506736,-0.038576353,-0.019674834,-2.09605548
160,PerfectlySoft/PerfectDocs,Web development; Software documentation,240,"87,274",GPU-PDMM,doc work mysql awesome good sqlite issue jira httprequest document ,quickstart change server readme add link pull upstream update sense ,thing jira time error file start info good edit night ,0.160945866,-0.155460258,-0.085882581,-4.144355935
161,PerfectlySoft/PerfectDocs,Web development; Software documentation,240,119,LDA,doc work mysql readme error httprequest document docs mongodb link ,good thing awesome jira time assign issue shoot swift screen ,quickstart add change server route pull feedback upstream review doc ,0.129536376,-0.183846142,-0.084286128,-5.163381388
162,PerfectlySoft/PerfectDocs,Web development; Software documentation,240,3078,PTM,awesome jira add server readme route pull upstream update info ,quickstart change thing time error assign issue swift feedback review ,doc work good mysql httprequest document docs shoot mongodb link ,0.215596295,-0.234334232,-0.093726912,-5.465826079
163,python-babel/babel/maintenance-corner,Web development; Graphical user interface; Software maintenance,"136,163","68,954,942",GPU-PDMM,eth testing mainnet real market reminder request day bca fed ,send account keth ether test kovan address github long support ,hour requested send add adb cad eec edd bef dbe ,-0.012867743,-0.527310641,-0.167844768,-8.174396623
164,python-babel/babel/maintenance-corner,Web development; Graphical user interface; Software maintenance,"136,163","53,013",LDA,request day eth hour requested send keth test kovan ether ,eth testing mainnet real market reminder account long github twitter ,eth send adb eec dbe fed bca eef ffc aba ,0.033633641,-0.60876304,-0.153662653,-10.15975011
165,python-babel/babel/maintenance-corner,Web development; Graphical user interface; Software maintenance,"136,163",1513044,PTM,eth send account test keth kovan ether github long support ,eth testing real mainnet market reminder adb ccfe xdbe cfaab ,eth request day hour requested send bca add cad eec ,0.059801089,-0.419696672,-0.137338387,-6.926031618
166,rchain/Releases,Blockchain; Release,42,"28,944",GPU-PDMM,github docker file lefthand compiler sdk project helloworldrho layer algorithm ,release con development commit rchain month channel write pro number ,node code contract filename update rosette terminal pasting layer compiler ,0.121288107,-0.075599074,-0.060814508,-3.769388724
167,rchain/Releases,Blockchain; Release,42,52,LDA,release development contract mercury sdk month active code helloworld rosette ,docker file helloworldrho con execute inputrho input command path rholang ,project commit rchain channel follow change membership architecture rchaincoop vlad ,0.108814605,-0.23052989,-0.077414492,-3.746788349
168,rchain/Releases,Blockchain; Release,42,849,PTM,helloworldrho contract project commit rchain follow change architecture sdk active ,release docker con mercury vlad folk github work rholang language ,file development channel execute inputrho membership rchaincoop month easy command ,0.160595549,-0.239402916,-0.051164019,-2.752597423
169,reactioncommerce/architecture,Patterns,140,"150,425",GPU-PDMM,work meteor test snapshot implement open component time question admin ,product catalog collection order publish thing add package good storefront ,reaction graphql shop create api store client mutation provide current ,0.218153572,0.002806372,-0.045818289,-2.735864943
170,reactioncommerce/architecture,Patterns,140,201,LDA,product catalog work shop collection create order thing publish good ,test snapshot reaction component time question architecture testing multitenant start ,meteor reaction graphql implement open user api current app store ,0.343486079,-0.060702216,-0.031690823,-3.787498532
171,reactioncommerce/architecture,Patterns,140,5149,PTM,meteor reaction graphql implement open user api current app architecture ,test snapshot reaction component time question work datum point testing ,product catalog shop work collection create order thing publish good ,0.325534232,-0.007133467,-0.038462145,-2.829645884
172,reactor/reactor,Web development,"38,024","35,642,328",GPU-PDMM,flux thread work error request call code mono test block ,return subscribe public context java void null throw object class ,case reactor operator stream issue time event thing reactive publisher ,0.255882162,0.095793661,-0.024282776,-2.757738316
173,reactor/reactor,Web development,"38,024","34,010",LDA,return public mono flux final call void method subscribe private ,thread flux request error operator case subscriber event info stream ,reactor spring issue work reactive code client connection release test ,0.239028879,0.025085834,-0.047660039,-2.833925501
174,reactor/reactor,Web development,"38,024",884165,PTM,return public info final void private string java main null ,reactor issue spring work reactive code test client api good ,flux thread error request call case operator mono subscriber subscribe ,0.253689299,0.038266956,-0.039705049,-3.269093875
175,reactjs/redux,Web development,"16,740","20,207,600",GPU-PDMM,component react redux work app render code error question type ,state action store reducer call prop datum pass object change ,return function import dispatch user export route div class default ,0.156697725,-0.022842386,-0.052554619,-3.361630204
176,reactjs/redux,Web development,"16,740","15,635",LDA,react redux app work code project start good build question ,state component action store return reducer redux function dispatch call ,import return div component react render route class export function ,0.195108118,-0.080118701,-0.067893701,-2.88616774
177,reactjs/redux,Web development,"16,740",374815,PTM,return import div export react default const render class component ,react redux work app code good project start question file ,component state action store function reducer call redux datum dispatch ,0.143032114,-0.068081098,-0.082815091,-3.831134514
178,researchgate/gradle-release,Software deployment; Configuration management,576,"358,250",GPU-PDMM,version plugin build project task file work fail subproject property ,release gradle commit tag snapshot create set false buildgradle command ,git jenkin push remote error branch origin master android credential ,0.145718944,-0.153442045,-0.096681925,-4.313970149
179,researchgate/gradle-release,Software deployment; Configuration management,576,559,LDA,version release plugin project commit tag snapshot subproject gradle create ,release git fail build jenkin error plugin remote origin push ,gradle work version plugin file build property set project find ,0.23739834,-0.112591928,-0.091195472,-5.485312282
180,researchgate/gradle-release,Software deployment; Configuration management,576,14562,PTM,release version commit tag snapshot work create plugin gradle git ,release fail error remote origin build git fetch run update ,version project plugin release gradle file subproject task property root ,0.142172724,-0.062562432,-0.076336205,-5.562432591
181,robocomp/robocomp,Software maintenance,177,"118,047",GPU-PDMM,robocomp start work installation install find osg instal ubuntu problem ,error fail file component rcmanager target command recipe directory rci ,gsoc project property year interested gitter warning deprecated student kharagpur ,0.167316407,-0.351857823,-0.076460464,-6.074802105
182,robocomp/robocomp,Software maintenance,177,159,LDA,work robocomp project idea year interested check gsoc start package ,component file rcmanager start error property directory rcis warning deprecated ,error fail installation install find osg target command recipe ubuntu ,0.144276857,-0.261417378,-0.064469,-5.587911543
183,robocomp/robocomp,Software maintenance,177,3987,PTM,error fail robocomp installation install find osg target command recipe ,start file work property component directory rcis warning deprecated rci ,project year component interested gsoc rcmanager version idea student mentor ,0.121342878,-0.289053213,-0.074861983,-5.864848917
184,flajann2/rubyneat,[Machine learning] System,10,"15,344",GPU-PDMM,rewrite alive reuse output kind hook fast rubyneat plan rust ,capture mind log lame ruby code alive reuse output interest ,format bandwidth mind rubyneat move rubyneatde site static simply work ,0.092868842,-0.109340559,-0.100009779,-3.286800927
185,flajann2/rubyneat,[Machine learning] System,10,23,LDA,reuse critter output capture final kind yaml incomplete code dump ,rubyneat simply ruby interest move rubyneatde site static format bandwidth ,rewrite mind alive plan rust work cms time complete lame ,0.126757448,-0.221577867,-0.096620192,-4.438222745
186,flajann2/rubyneat,[Machine learning] System,10,223,PTM,alive reuse output capture ruby site static format killer cms ,rubyneat rewrite simply mind critter plan interest bandwidth work time ,rust move rubyneatde kind dump lame game effort powerful interest ,0.120417843,-0.237602035,-0.098388033,-3.598954719
187,jdubray/sam-architecture,Patterns,556,"612,236",GPU-PDMM,action model view pattern function code proposal tla problem representation ,state redux nap reducer semantic sagas call update thunk render ,sam work time understand logic point case keep api application ,0.239290708,-0.139931017,-0.058604863,-5.225870309
188,jdubray/sam-architecture,Patterns,556,840,LDA,sam redux work understand sagas tla point code lot semantic ,action model state view nap function reducer proposal update render ,state pattern property model control machine step system nap code ,0.184918503,-0.104510261,-0.08621122,-4.278240656
189,jdubray/sam-architecture,Patterns,556,23653,PTM,action model state nap view function reducer proposal call update ,pattern state work problem architecture machine base design start write ,sam redux code semantic tla understand sagas time thunk point ,0.260992033,-0.144196739,-0.076993177,-4.27650149
190,scikit-learn/scikit-learn,[Machine learning] Libraries,"10,186","8,399,034",GPU-PDMM,work issue test good time scikitlearn model feature datum set ,code learn file cluster case import method sample list label ,python question sklearn thing bit release comment regression idea people ,0.331550927,0.035731274,-0.010231077,-2.050749028
191,scikit-learn/scikit-learn,[Machine learning] Libraries,"10,186","8,937",LDA,work issue good review time start learn scikitlearn great code ,test file python build version import issue work error scikitlearn ,model feature datum set class cluster work number data method ,0.364165138,0.093888043,0.008839493,-1.723203475
192,scikit-learn/scikit-learn,[Machine learning] Libraries,"10,186",204939,PTM,test issue work python build review version file merge release ,model feature datum class set number cluster test data method ,good work code time question thing learn scikitlearn start issue ,0.401966714,0.101475232,0.005885698,-1.923172625
193,semantic-release/semantic-release,Software deployment; Release,"4,868","4,290,050",GPU-PDMM,release semanticrelease plugin version semantic npm commit git publish tag ,repo build packagejson package gitlab update script thing travis doc ,work issue create github change set project add token test ,0.167717299,-0.117512441,-0.064306339,-3.210064926
194,semantic-release/semantic-release,Software deployment; Release,"4,868","3,324",LDA,commit release version semanticrelease change plugin tag file create branch ,work npm semanticrelease token issue set github repo problem user ,release semantic plugin semanticrelease git publish version push load tag ,0.154963942,-0.130984378,-0.053858641,-3.087565006
195,semantic-release/semantic-release,Software deployment; Release,"4,868",111829,PTM,version release commit semanticrelease plugin change config file packagejson add ,work semanticrelease npm git issue branch tag repo github push ,release semantic plugin semanticrelease npm load git publish version fail ,0.044193117,-0.227022233,-0.070491266,-3.864800892
196,senecajs/seneca-in-practice,Microservices; Coding,76,"44,794",GPU-PDMM,seneca system msg flow senecas guide great convert running refer ,service issue microservice user server find object run status doc ,error var fuge plugin exercice oisin nevermind overwrite cmd esh ,0.145720812,-0.413115279,-0.100250109,-8.192354031
197,senecajs/seneca-in-practice,Microservices; Coding,76,68,LDA,seneca service issue fuge webcam find object step run micro ,seneca var microservice update create function work exercise log endpoint ,error plugin senecajs server node mesh process specific system idea ,0.203467345,-0.081919342,-0.053660266,-3.298865945
198,senecajs/seneca-in-practice,Microservices; Coding,76,1458,PTM,service error plugin issue fuge log find object step sample ,var microservice update senecajs run micro access node requireseneca doc ,seneca user create webcam function work exercise output endpoint status ,0.161670448,-0.091390191,-0.070267159,-3.073756275
199,milessabin/shapeless,Back-end,"42,131","45,538,426",GPU-PDMM,type implicit case def class hlist val string hnil object ,work shapeless thing compile code time test good idea create ,scala problem find method compiler issue macro question add bit ,0.268272539,0.05071885,-0.024946213,-2.273665634
200,milessabin/shapeless,Back-end,"42,131","36,658",LDA,type case class hlist implicit instance work function coproduct generic ,shapeless work compile code time thing scala problem good test ,def implicit val scala type case hnil class string int ,0.311431628,0.00426866,-0.039825664,-3.0008511
201,milessabin/shapeless,Back-end,"42,131",988181,PTM,shapeless work compile time code scala thing problem issue good ,type case class hlist implicit instance work function generic parameter ,def implicit val scala hnil case int class string extend ,0.336271988,0.032695679,-0.021298109,-2.404853339
202,simpleinvoices/simpleinvoices,Web development,20,"17,230",GPU-PDMM,php server apache debug online ubuntu github version work code ,fork code share accept invoice debug github repo user commit ,start glad test development support community bunch thing day late ,0.208709501,0.113378893,-0.047541436,-3.417168831
203,simpleinvoices/simpleinvoices,Web development,20,33,LDA,fork share invoice support community github code simple active project ,php work test port late ubuntu server odd apache mysql ,start security chat development glad stable accept main commit risk ,0.208572637,0.134688694,-0.039647861,-3.340780378
204,simpleinvoices/simpleinvoices,Web development,20,487,PTM,php start chat support stable port simple project channel online ,php work share invoice development code interested accept commit risk ,fork security glad community github main bunch thing ubuntu apache ,0.224723699,-0.023806556,-0.069041555,-4.600395249
205,snipe/snipe-it,Web development,"72,178","51,350,210",GPU-PDMM,asset user error file snipeit php issue check install ldap ,work time table code script start app support migration exist ,add thing good model people company request system stuff search ,0.340203684,0.076951512,-0.002093542,-2.543867713
206,snipe/snipe-it,Web development,"72,178","54,286",LDA,work issue time thing good snipeit version stuff snipe lot ,asset user import field ldap check create location model add ,php error file install snipeit server apache directory artisan set ,0.27656103,0.072621159,-0.00823017,-2.427934129
207,snipe/snipe-it,Web development,"72,178",1158902,PTM,php error artisan file apache wwwdata directory null composer root ,work snipeit issue file error server install version thing time ,asset user import ldap field check create location model add ,0.259688582,0.009443153,-0.031773745,-2.251642039
208,sourcejs/Source,Graphical user interface,732,"591,275",GPU-PDMM,spec file npm work source style issue update thing install ,code button html css release template include example error classbutton ,sourcejs plugin project component folder create setup user question middleware ,0.320961555,0.072213442,-0.018605018,-2.720041812
209,sourcejs/Source,Graphical user interface,732,859,LDA,sourcejs project npm folder plugin issue install version release setup ,spec component button sourcejs work style css template middleware code ,file plugin source html error change err infojson comment directory ,0.213803785,-0.003290358,-0.034953778,-2.909146177
210,sourcejs/Source,Graphical user interface,732,24594,PTM,button npm classbutton err description typesubmit pseudoclass var radius second ,sourcejs plugin project work folder issue install setup version user ,spec file component create code source style html css update ,0.33161071,-0.028591898,-0.00835365,-2.682933776
211,spring-cloud/spring-cloud-security,Authentication; Distributed software development,"1,728","1,526,533",GPU-PDMM,token server work user resource client authorization access issue code ,request app header application add bean bearer public return endpoint ,oauth spring zuul security authentication boot cloud session debug microservice ,0.302942567,0.075485754,-0.021602861,-4.00480797
212,spring-cloud/spring-cloud-security,Authentication; Distributed software development,"1,728","1,240",LDA,token server user resource request zuul client authorization access oauth ,spring work issue boot oauth cloud case version security problem ,oauth resttemplate debug filter bean public return class exec call ,0.2988646,-0.116034523,-0.042157997,-4.788952792
213,spring-cloud/spring-cloud-security,Authentication; Distributed software development,"1,728",37341,PTM,token server user resource request client zuul authorization access authentication ,spring oauth work issue cloud create case security boot session ,oauth filter public class return clientcontext resttemplate bean exception null ,0.34260785,-0.01681865,-0.000469582,-4.449699646
214,spring-projects/spring-security,Authentication,"7,945","9,404,721",GPU-PDMM,spring security request oauth work authentication filter server client issue ,token public return access class exception throw void configuration protect ,user login session set app application problem authenticate implement redirect ,0.312218647,0.228987989,0.007248231,-3.193397917
215,spring-projects/spring-security,Authentication,"7,945","8,647",LDA,public user return exception class method throw void filter null ,token user oauth request server login authentication client spring session ,spring security work boot issue project code sample test problem ,0.389594356,0.200975326,0.033648818,-2.926773984
216,spring-projects/spring-security,Authentication,"7,945",215021,PTM,spring security work issue boot add method filter problem test ,public return exception class throw void protect extend null user ,user request token oauth authentication server login client access session ,0.434375385,0.259263224,0.054415932,-2.717937808
217,spring-projects/spring-security-oauth,Authentication,"5,708","6,282,094",GPU-PDMM,token client user request access public code return create jwt ,oauth authentication endpoint session redirect application question test implement config ,server spring work security resource login app authorization boot problem ,0.233241197,0.097759757,-0.031174541,-3.96106291
218,spring-projects/spring-security-oauth,Authentication,"5,708","5,265",LDA,spring debug work release boot nio exec emailservice sample releasejar ,token server oauth user client spring login resource access app ,oauth public return exception authentication class void throw client method ,0.243688228,0.019123062,-0.047655009,-3.588367552
219,spring-projects/spring-security-oauth,Authentication,"5,708",136594,PTM,public oauth debug exception return void nio exec throw release ,token server user client resource access request login app authorization ,spring oauth work security boot endpoint add question configure sample ,0.201211421,0.062071939,-0.041945252,-4.898597495
220,sorintlab/stolon,Cloud computing,"2,428","4,308,365",GPU-PDMM,keeper error info master cmdkeepergo database file start stolonkeeper fail ,cluster sentinel etcd issue standby backup consul change check pod ,stolon work proxy stolonctl node problem command connection provide wale ,0.171654712,-0.196373752,-0.066228122,-2.89063973
221,sorintlab/stolon,Cloud computing,"2,428","3,671",LDA,error info cmdkeepergo keeper database stolonkeeper fail file master cluster ,keeper stolonctl error stolon command uid pod init string true ,stolon cluster keeper master etcd proxy work issue standby backup ,0.089490675,-0.315416654,-0.093588992,-4.47608461
222,sorintlab/stolon,Cloud computing,"2,428",113987,PTM,stolon work cluster standby backup issue postgre node master consul ,keeper cluster error sentinel stolonctl master datum data etcd pod ,error info cmdkeepergo database file stolonkeeper keeper jul fail master ,0.090253528,-0.239488466,-0.087101015,-4.349967204
223,survivejs/maintenance,Software documentation; Software maintenance,"1,749","946,092",GPU-PDMM,good book chapter work site cool time idea thing bit ,code package pretty npm doc push style github case error ,issue project mrm problem tool understand solve open big task ,0.303521843,-0.030494025,-0.034511914,-3.497233299
224,survivejs/maintenance,Software documentation; Software maintenance,"1,749",688,LDA,chapter book good bit site webpack write feel content great ,good problem project lot react link issue add point people ,code work read book pretty cool rule good comment add ,0.498257799,0.066547067,0.011704115,-1.681474361
225,survivejs/maintenance,Software documentation; Software maintenance,"1,749",22158,PTM,good book chapter site cool bit write content nice project ,code read problem package people pretty rule comment thing check ,work time idea add issue mrm easy lot npm react ,0.342911152,0.029314561,-0.017322404,-3.81513897
226,thephpleague/tactician-bernard,Service-oriented architecture,54,"24,011",GPU-PDMM,receiver interface bus command consumer register bernard router middleware message ,command bit version getname samebusreceiver queuedcommand multiple queue wrapping method ,command middleware bernard overhead wrapper interface increase absolutely aware complex ,0.071817153,-0.147129112,-0.066026458,-3.995475585
227,thephpleague/tactician-bernard,Service-oriented architecture,54,40,LDA,command bernard bit version thing mrk question confused queueing single ,interface receiver implement work queuedcommand class bernardmessage increase queue favor ,command bus consumer middleware message register getname side producer samebusreceiver ,0.138038144,-0.159366483,-0.039863823,-3.839606024
228,thephpleague/tactician-bernard,Service-oriented architecture,54,705,PTM,bus message queuedcommand bit side samebusreceiver router instance wrap simple ,receiver middleware register thing getname increase producer favor sense marker ,command interface bernard consumer implement work version class bernardmessage queue ,0.137290509,-0.124901037,-0.039177154,-3.539656221
229,TestAndCode/Lobby,Testing; Coding,"5,500","8,879,475",GPU-PDMM,test podcast chris nejame kyle magocs fixture formartha dima spivak ,code work matt python rasband function thing call case def ,pytest brian okken file testing good moore lot start idea ,0.156831447,-0.331991763,-0.060534612,-4.370964718
230,TestAndCode/Lobby,Testing; Coding,"5,500","7,824",LDA,test podcast chris nejame formartha dima spivak moore thing greg ,test podcast kyle magocs brian okken tyler pooley testing matt ,test podcast fixture pytest function file code call class work ,0.109285036,-0.272037228,-0.049653362,-3.486277157
231,TestAndCode/Lobby,Testing; Coding,"5,500",201924,PTM,test podcast chris nejame kyle magocs formartha brian okken dima ,test podcast code matt pytest rasband python testing question file ,test fixture podcast function pytest class def call return pass ,0.080469974,-0.230635265,-0.052374575,-3.612524332
232,twbs/bootstrap,Graphical user interface; Mobile development,"17,296","12,502,524",GPU-PDMM,div work code css image link html add width problem ,bootstrap good project question website create file learn site start ,div class button element row column nav size form container,0.464987008,0.04215596,-0.031507444,-2.549034911
233,twbs/bootstrap,Graphical user interface; Mobile development,"17,296","13,302",LDA,div button span nav html classrow colmd img link lia ,bootstrap class image work element css width button navbar add ,bootstrap code work css good project link learn file website ,0.307524792,-0.122973966,-0.062317371,-4.370146367
234,twbs/bootstrap,Graphical user interface; Mobile development,"17,296",338615,PTM,class image bootstrap work element button width navbar add row ,bootstrap code work css good link project file html learn ,div button span classrow lia classbtn nav html classcolxs link ,0.251951896,-0.116282946,-0.052517262,-3.690914171
235,angular-ui/ui-router,Web development,"9,241","8,621,207",GPU-PDMM,work uirouter angular error route app module import parent issue ,resolve return function controller code promise true add type question ,state transition component url view hook param parameter load call ,0.176390681,-0.047207705,-0.036926836,-2.754272902
236,angular-ui/ui-router,Web development,"9,241","5,831",LDA,state transition resolve view component url route parent child parameter ,return function state resolve import transition component error url class ,work uirouter angular app issue thing router code beta module ,0.118872052,-0.020311736,-0.031962028,-3.064514165
237,angular-ui/ui-router,Web development,"9,241",155874,PTM,work uirouter angular app issue code router thing module error ,state component resolve view transition url route param parameter controller ,return transition function resolve import error export url promise class ,0.054859672,-0.030888392,-0.045283551,-3.362424844
238,username-availability-checker/Lobby,Authentication,351,"129,861",GPU-PDMM,problem test check project work gsoc merge fail issue time ,request medium website error facebook profile status code return import ,version ios safari iphone chrome browser find feel bug file ,0.307377008,0.171643156,0.006667872,-3.064322579
239,username-availability-checker/Lobby,Authentication,351,183,LDA,version ios safari merge work issue gsoc iphone chrome check ,request website problem project time code return cookie lot modify ,test medium error facebook profile fail status check log problem ,0.286014673,0.084386961,-0.020588258,-3.828653163
240,username-availability-checker/Lobby,Authentication,351,5031,PTM,problem medium website request project profile code gsoc return feel ,version ios safari iphone chrome browser work find import cookie ,test check error facebook merge issue time status log fail ,0.282230249,0.116530372,-0.005999772,-3.602626812
241,vaadin/web-components,Web development; Front-end,"5,739","6,507,977",GPU-PDMM,work vaadin component polymer vaadingrid style template issue add version ,grid row column item set change import property angular support ,element event file dom call function error release api module ,0.29336984,0.062285866,-0.001357592,-3.097866504
242,vaadin/web-components,Web development; Front-end,"5,739","5,498",LDA,grid column row item vaadingrid set work change event datum ,polymer component vaadin work issue element version vaadingrid release question ,style template theme element work dom import vaadingrid component css ,0.267990556,-0.006855528,-0.022986224,-2.77299482
243,vaadin/web-components,Web development; Front-end,"5,739",171254,PTM,polymer vaadin component work issue element version angular support problem ,grid column row item vaadingrid set event change datum work ,style template element theme dom module vaadincombobox css work dommodule ,0.260693262,0.00894822,-0.014467493,-2.596372255
244,vespa-engine/Lobby,Graphical user interface,"1,335","1,951,495",GPU-PDMM,vespa field node attribute cluster default search work content application ,query document rank type set tensor case add feature expression ,support question issue build create memory api file user state,0.498106203,0.111530357,0.004240389,-2.52066312
245,vespa-engine/Lobby,Graphical user interface,"1,335","1,656",LDA,field document query attribute type search match default summary group ,node vespa cluster document application content service docker container error ,query rank vespa tensor feature case support model expression create ,0.294503404,0.005613333,-0.034422297,-3.518718244
246,vespa-engine/Lobby,Graphical user interface,"1,335",52548,PTM,field document type vespa attribute search match summary searcher build ,query rank work case add support tensor feature expression question ,node document cluster content vespa application error group service docker ,0.244392811,-0.071981279,-0.063236675,-3.687927626
247,webpack/webpack,Build automation; Code quality,"109,604","103,735,806",GPU-PDMM,webpack file module loader error build import config bundle plugin ,code issue problem project question thing function find time react ,work require load server change dependency dev jquery browser fine ,0.241085601,0.048165533,-0.04432101,-3.467408284
248,webpack/webpack,Build automation; Code quality,"109,604","90,168",LDA,webpack work npm issue build server file project code problem ,loader file test webpack css path true config output module ,webpack module file import error bundle require chunk code work ,0.375106639,-0.085517076,-0.036643368,-2.448490597
249,webpack/webpack,Build automation; Code quality,"109,604",2769912,PTM,file webpack module import bundle require css loader work entry ,loader test error module true var path filename output function ,webpack work issue build server config error problem npm question ,0.229370368,-0.032373388,-0.055876124,-3.557830868
250,webpack/docs,Build automation; Software documentation,938,"811,667",GPU-PDMM,webpack issue doc work code good site content point link,github webpackdocs sokra update wiki push commit comment webpacknewdocs jhnns ,plugin loader file build error module script npm app import ,0.274171195,-0.112429209,-0.027493843,-2.663410502
251,webpack/docs,Build automation; Software documentation,938,609,LDA,github webpackdocs sokra update wiki push commit issue comment webpack ,webpack doc good work site content plugin point link feel ,webpack code work error file script app add import coreumdjs ,0.330496859,-0.117466311,-0.008282469,-1.524027747
252,webpack/docs,Build automation; Software documentation,938,18147,PTM,github webpackdocs sokra update wiki push commit issue comment webpacknewdocs ,webpack work doc good site plugin point link feel idea ,code add loader error file script app import coreumdjs button ,0.216705293,-0.0639142,-0.015719674,-1.843725386
253,webuildsg/live,Graphical user interface; Workshop,"2,432","823,085",GPU-PDMM,question good morning hear nice people live time wave work ,web scala app gitter code podcast application iot website calendar ,year power security thing singapore long issue day computer podcast ,0.333962907,-0.016146192,-0.015146453,-3.949788648
254,webuildsg/live,Graphical user interface; Workshop,"2,432",562,LDA,nice hear power talk long security stuff ftw thing issue ,question good morning people live hear wave start great audience ,work podcast nice year music time feedback episode play web ,0.430377428,0.066839766,-0.011034654,-2.756441199
255,webuildsg/live,Graphical user interface; Workshop,"2,432",19312,PTM,question good morning people live wave minute great work audience ,talk year cool power long stuff time web issue css ,hear nice start audio podcast music singapore love feedback play ,0.397314373,0.089713174,-0.008613043,-2.363582559
256,CocoaPods/Xcodeproj,Web development,15,"21,065",GPU-PDMM,build set error project issue import bundle asset install file ,configure pod executable xcode jenkin lipo keychain framework binary firebase ,app ios keychain xcode lipo splash firebase directory binary configure ,0.090541927,-0.328797176,-0.107198695,-9.25038589
257,CocoaPods/Xcodeproj,Web development,15,39,LDA,asset create assistance add icon attempt splash screen imageview image ,build xcode error project issue install path work fatal find ,app pod set ios file import bundle appicon check script ,0.234151902,0.071848434,-0.052293284,-3.886952065
258,CocoaPods/Xcodeproj,Web development,15,660,PTM,app pod set project file path import asset appicon check ,ios script find xcodebuild configure failure attempt splash screen phase ,build xcode error issue install bundle develop create fatal add ,0.17709938,0.030644557,-0.06083395,-2.387180853
259,robbyrussell/oh-my-zsh,Configuration management,308,"191,356",GPU-PDMM,theme ohmyzsh plugin zsh zshrc file issue problem bash export ,work command script code function font type find shell start ,git prompt ssh current column time fine version pull config ,0.220470233,-0.128663034,-0.047783699,-3.424662459
260,robbyrussell/oh-my-zsh,Configuration management,308,275,LDA,directory work code git font type find problem bash dir ,theme zsh prompt zshrc ohmyzsh set work terminal file time ,plugin command git export issue project ohmyzsh source alias uncomment ,0.143864134,-0.185083323,-0.065679314,-3.995090749
261,robbyrussell/oh-my-zsh,Configuration management,308,7200,PTM,work zsh command prompt file issue problem bash zshrc script ,theme ohmyzsh export set add source alias time uncomment window ,git plugin terminal project directory ohmyzsh type install enter start ,0.227202156,-0.088232209,-0.038031883,-3.280475708
